Fecha	VLP
01/01/2018	111,004264
02/01/2018	111,000699
03/01/2018	111,006776
04/01/2018	110,998894
05/01/2018	110,998991
06/01/2018	111,000577
07/01/2018	111,002163
08/01/2018	110,995111
09/01/2018	110,993523
10/01/2018	110,99278
11/01/2018	110,977738
12/01/2018	110,978459
13/01/2018	110,980074
14/01/2018	110,981762
15/01/2018	110,984712
16/01/2018	110,980848
17/01/2018	110,978281
18/01/2018	110,969729
19/01/2018	110,963731
20/01/2018	110,965365
21/01/2018	110,967
22/01/2018	110,964938
23/01/2018	110,961999
24/01/2018	110,960986
25/01/2018	110,954291
26/01/2018	110,947129
27/01/2018	110,949443
28/01/2018	110,951767
29/01/2018	110,948144
30/01/2018	110,952385
31/01/2018	110,951949
01/02/2018	110,946766
02/02/2018	110,680926
03/02/2018	110,684055
04/02/2018	110,687191
05/02/2018	110,686049
06/02/2018	110,945044
07/02/2018	110,947681
08/02/2018	110,935486
09/02/2018	110,929479
10/02/2018	110,932491
11/02/2018	110,93551
12/02/2018	110,929939
13/02/2018	110,923667
14/02/2018	110,922096
15/02/2018	110,913972
16/02/2018	110,916535
17/02/2018	110,919819
18/02/2018	110,923095
19/02/2018	110,918939
20/02/2018	110,918891
21/02/2018	110,918419
22/02/2018	110,903109
23/02/2018	110,91454
24/02/2018	110,917253
25/02/2018	110,919899
26/02/2018	110,919939
27/02/2018	110,917156
28/02/2018	110,916519
01/03/2018	110,909542
02/03/2018	110,907308
03/03/2018	110,909933
04/03/2018	110,912561
05/03/2018	110,905994
06/03/2018	110,907502
07/03/2018	110,909088
08/03/2018	110,903486
09/03/2018	110,903666
10/03/2018	110,905952
11/03/2018	110,90826
12/03/2018	110,906113
13/03/2018	110,904361
14/03/2018	110,899811
15/03/2018	110,886674
16/03/2018	110,889126
17/03/2018	110,891595
18/03/2018	110,894084
19/03/2018	110,894162
20/03/2018	110,889699
21/03/2018	110,888023
22/03/2018	110,879673
23/03/2018	110,877501
24/03/2018	110,880068
25/03/2018	110,882554
26/03/2018	110,872436
27/03/2018	110,875344
28/03/2018	110,866058
29/03/2018	110,866298
30/03/2018	110,868869
31/03/2018	110,871416
01/04/2018	110,87396
02/04/2018	110,876126
03/04/2018	110,87138
04/04/2018	110,872206
05/04/2018	110,863288
06/04/2018	110,856258
07/04/2018	110,857908
08/04/2018	110,859679
09/04/2018	110,857774
10/04/2018	110,856357
11/04/2018	110,856713
12/04/2018	110,851961
13/04/2018	110,8508
14/04/2018	110,852772
15/04/2018	110,854459
16/04/2018	110,853285
17/04/2018	110,850511
18/04/2018	110,850219
19/04/2018	110,839602
20/04/2018	110,837113
21/04/2018	110,838526
22/04/2018	110,840083
23/04/2018	110,838477
24/04/2018	110,836596
25/04/2018	110,834491
26/04/2018	110,8286
27/04/2018	110,828391
28/04/2018	110,829917
29/04/2018	110,831458
30/04/2018	110,825188
01/05/2018	110,826408
02/05/2018	110,823842
03/05/2018	110,819806
04/05/2018	110,817477
05/05/2018	110,819315
06/05/2018	110,820986
07/05/2018	110,816829
08/05/2018	110,814259
09/05/2018	110,809586
10/05/2018	110,788669
11/05/2018	110,791288
12/05/2018	110,791839
13/05/2018	110,792739
14/05/2018	110,78748
15/05/2018	110,783001
16/05/2018	110,75332
17/05/2018	110,759913
18/05/2018	110,744005
19/05/2018	110,744889
20/05/2018	110,745725
21/05/2018	110,722143
22/05/2018	110,725081
23/05/2018	110,709352
24/05/2018	110,706079
25/05/2018	110,653768
26/05/2018	110,65452
27/05/2018	110,655493
28/05/2018	110,585551
29/05/2018	110,353431
30/05/2018	110,459506
31/05/2018	110,564791
01/06/2018	110,60505
02/06/2018	110,606914
03/06/2018	110,608541
04/06/2018	110,659663
05/06/2018	110,625991
06/06/2018	110,532699
07/06/2018	110,500438
08/06/2018	110,474605
09/06/2018	110,475294
10/06/2018	110,476225
11/06/2018	110,52901
12/06/2018	110,556969
13/06/2018	110,592814
14/06/2018	110,607404
15/06/2018	110,642465
16/06/2018	110,644038
17/06/2018	110,645604
18/06/2018	110,678606
19/06/2018	110,671319
20/06/2018	110,675267
21/06/2018	110,627188
22/06/2018	110,626172
23/06/2018	110,628085
24/06/2018	110,629632
25/06/2018	110,620142
26/06/2018	110,607172
27/06/2018	110,614743
28/06/2018	110,613446
29/06/2018	110,63214
30/06/2018	110,632754
01/07/2018	110,633536
02/07/2018	110,636396
03/07/2018	110,629811
04/07/2018	110,630414
05/07/2018	110,60038
06/07/2018	110,606107
07/07/2018	110,60754
08/07/2018	110,608895
09/07/2018	110,620274
10/07/2018	110,615205
11/07/2018	110,609474
12/07/2018	110,619454
13/07/2018	110,632261
14/07/2018	110,633874
15/07/2018	110,635474
16/07/2018	110,637524
17/07/2018	110,64544
18/07/2018	110,64417
19/07/2018	110,635624
20/07/2018	110,628741
21/07/2018	110,630321
22/07/2018	110,631903
23/07/2018	110,630011
24/07/2018	110,624789
25/07/2018	110,622449
26/07/2018	110,617998
27/07/2018	110,609931
28/07/2018	110,611528
29/07/2018	110,612988
30/07/2018	110,6097
31/07/2018	110,62203
01/08/2018	110,618549
02/08/2018	110,595584
03/08/2018	110,585081
04/08/2018	110,586396
05/08/2018	110,587716
06/08/2018	110,595702
07/08/2018	110,596249
08/08/2018	110,589134
09/08/2018	110,576782
10/08/2018	110,560747
11/08/2018	110,56209
12/08/2018	110,563443
13/08/2018	110,541529
14/08/2018	110,545904
15/08/2018	110,523108
16/08/2018	110,530111
17/08/2018	110,53326
18/08/2018	110,534768
19/08/2018	110,536275
20/08/2018	110,536228
21/08/2018	110,550727
22/08/2018	110,547883
23/08/2018	110,537204
24/08/2018	110,531448
25/08/2018	110,533075
26/08/2018	110,534704
27/08/2018	110,53066
28/08/2018	110,523825
29/08/2018	110,51896
30/08/2018	110,496177
31/08/2018	110,473708
01/09/2018	110,475453
02/09/2018	110,477196
03/09/2018	110,480613
04/09/2018	110,511939
05/09/2018	110,536006
06/09/2018	110,531067
07/09/2018	110,534069
08/09/2018	110,535812
09/09/2018	110,53755
10/09/2018	110,562187
11/09/2018	110,562263
12/09/2018	110,556449
13/09/2018	110,553544
14/09/2018	110,553556
15/09/2018	110,554957
16/09/2018	110,5564
17/09/2018	110,569241
18/09/2018	110,583494
19/09/2018	110,563679
20/09/2018	110,550399
21/09/2018	110,550451
22/09/2018	110,552105
23/09/2018	110,553764
24/09/2018	110,543643
25/09/2018	110,550669
26/09/2018	110,560744
27/09/2018	110,543074
28/09/2018	110,49785
29/09/2018	110,499352
30/09/2018	110,500821
01/10/2018	110,477675
02/10/2018	110,472949
03/10/2018	110,499301
04/10/2018	110,495688
05/10/2018	110,471352
06/10/2018	110,472784
07/10/2018	110,47426
08/10/2018	110,449224
09/10/2018	110,459959
10/10/2018	110,467902
11/10/2018	110,453485
12/10/2018	110,456628
13/10/2018	110,45817
14/10/2018	110,45971
15/10/2018	110,46151
16/10/2018	110,480098
17/10/2018	110,475584
18/10/2018	110,454699
19/10/2018	110,459318
20/10/2018	110,460821
21/10/2018	110,462315
22/10/2018	110,479312
23/10/2018	110,474903
24/10/2018	110,465623
25/10/2018	110,46463
26/10/2018	110,463369
27/10/2018	110,464669
28/10/2018	110,465979
29/10/2018	110,487537
30/10/2018	110,471993
31/10/2018	110,473797
01/11/2018	110,470421
02/11/2018	110,484178
03/11/2018	110,485456
04/11/2018	110,486668
05/11/2018	110,478665
06/11/2018	110,472875
07/11/2018	110,473684
08/11/2018	110,465941
09/11/2018	110,461883
10/11/2018	110,462968
11/11/2018	110,46407
12/11/2018	110,456977
13/11/2018	110,45722
14/11/2018	110,447071
15/11/2018	110,44062
16/11/2018	110,434838
17/11/2018	110,435899
18/11/2018	110,436964
19/11/2018	110,432591
20/11/2018	110,420677
21/11/2018	110,419072
22/11/2018	110,420144
23/11/2018	110,42003
24/11/2018	110,42139
25/11/2018	110,422755
26/11/2018	110,434138
27/11/2018	110,423669
28/11/2018	110,411995
29/11/2018	110,412026
30/11/2018	110,403539
01/12/2018	110,404593
02/12/2018	110,405553
03/12/2018	110,410829
04/12/2018	110,401703
05/12/2018	110,39446
06/12/2018	110,3819
07/12/2018	110,380452
08/12/2018	110,381348
09/12/2018	110,382315
10/12/2018	110,378198
11/12/2018	110,374742
12/12/2018	110,381833
13/12/2018	110,380192
14/12/2018	110,375074
15/12/2018	110,376057
16/12/2018	110,377061
17/12/2018	110,377229
18/12/2018	110,372112
19/12/2018	110,379621
20/12/2018	110,376617
21/12/2018	110,360738
22/12/2018	110,361168
23/12/2018	110,362079
24/12/2018	110,363514
25/12/2018	110,36434
26/12/2018	110,365129
27/12/2018	110,342827
28/12/2018	110,332485
29/12/2018	110,333047
30/12/2018	110,333641
31/12/2018	110,347819
01/01/2019	110,348785
02/01/2019	110,343608
03/01/2019	110,33206
04/01/2019	110,334332
05/01/2019	110,335241
06/01/2019	110,336149
07/01/2019	110,336874
08/01/2019	110,335618
09/01/2019	110,331683
10/01/2019	110,331072
11/01/2019	110,335438
12/01/2019	110,335811
13/01/2019	110,336684
14/01/2019	110,340108
15/01/2019	110,345616
16/01/2019	110,354284
17/01/2019	110,344224
18/01/2019	110,348771
19/01/2019	110,349513
20/01/2019	110,350256
21/01/2019	110,347572
22/01/2019	110,350633
23/01/2019	110,349129
24/01/2019	110,350089
25/01/2019	110,353729
26/01/2019	110,354621
27/01/2019	110,355512
28/01/2019	110,353138
29/01/2019	110,357439
30/01/2019	110,362429
31/01/2019	110,362087
01/02/2019	110,349642
02/02/2019	110,350898
03/02/2019	110,352156
04/02/2019	110,349182
05/02/2019	110,346137
06/02/2019	110,347104
07/02/2019	110,330362
08/02/2019	110,320163
09/02/2019	110,321387
10/02/2019	110,322616
11/02/2019	110,32978
12/02/2019	110,343046
13/02/2019	110,343012
14/02/2019	110,336279
15/02/2019	110,344255
16/02/2019	110,345312
17/02/2019	110,346363
18/02/2019	110,350957
19/02/2019	110,349671
20/02/2019	110,340843
21/02/2019	110,336265
22/02/2019	110,338259
23/02/2019	110,339386
24/02/2019	110,340513
25/02/2019	110,341135
26/02/2019	110,346492
27/02/2019	110,338972
28/02/2019	110,333181
01/03/2019	110,333681
02/03/2019	110,335137
03/03/2019	110,336593
04/03/2019	110,339036
05/03/2019	110,33894
06/03/2019	110,346849
07/03/2019	110,350975
08/03/2019	110,342408
09/03/2019	110,344064
10/03/2019	110,345723
11/03/2019	110,34175
12/03/2019	110,336075
13/03/2019	110,339339
14/03/2019	110,340145
15/03/2019	110,341141
16/03/2019	110,342951
17/03/2019	110,34476
18/03/2019	110,349474
19/03/2019	110,347681
20/03/2019	110,344105
21/03/2019	110,341046
22/03/2019	110,332683
23/03/2019	110,334487
24/03/2019	110,336297
25/03/2019	110,333266
26/03/2019	110,333384
27/03/2019	110,336582
28/03/2019	110,325347
29/03/2019	110,321582
30/03/2019	110,323188
31/03/2019	110,324789
01/04/2019	110,325585
02/04/2019	110,319892
03/04/2019	110,319258
04/04/2019	110,310655
05/04/2019	110,311492
06/04/2019	110,313656
07/04/2019	110,315532
08/04/2019	110,318298
09/04/2019	110,315476
10/04/2019	110,316663
11/04/2019	110,312248
12/04/2019	110,310935
13/04/2019	110,312915
14/04/2019	110,314915
15/04/2019	110,315779
16/04/2019	110,315245
17/04/2019	110,303374
18/04/2019	110,302357
19/04/2019	110,304556
20/04/2019	110,306722
21/04/2019	110,308887
22/04/2019	110,311049
23/04/2019	110,307434
24/04/2019	110,305866
25/04/2019	110,298286
26/04/2019	110,301848
27/04/2019	110,303857
28/04/2019	110,305867
29/04/2019	110,306218
30/04/2019	110,305005
01/05/2019	110,306531
02/05/2019	110,303807
03/05/2019	110,302019
04/05/2019	110,303946
05/05/2019	110,305905
06/05/2019	110,299761
07/05/2019	110,304996
08/05/2019	110,299516
09/05/2019	110,284012
10/05/2019	110,280932
11/05/2019	110,282726
12/05/2019	110,28453
13/05/2019	110,282403
14/05/2019	110,273115
15/05/2019	110,270429
16/05/2019	110,267134
17/05/2019	110,267545
18/05/2019	110,269229
19/05/2019	110,27096
20/05/2019	110,268027
21/05/2019	110,265114
22/05/2019	110,261805
23/05/2019	110,252095
24/05/2019	110,256204
25/05/2019	110,258132
26/05/2019	110,26002
27/05/2019	110,245622
28/05/2019	110,244788
29/05/2019	110,240089
30/05/2019	110,235873
31/05/2019	110,232382
01/06/2019	110,233951
02/06/2019	110,235995
03/06/2019	110,239899
04/06/2019	110,246478
05/06/2019	110,250501
06/06/2019	110,245702
07/06/2019	110,25305
08/06/2019	110,255008
09/06/2019	110,256943
10/06/2019	110,252884
11/06/2019	110,251455
12/06/2019	110,246445
13/06/2019	110,245725
14/06/2019	110,248333
15/06/2019	110,250122
16/06/2019	110,251943
17/06/2019	110,250328
18/06/2019	110,260298
19/06/2019	110,267685
20/06/2019	110,266324
21/06/2019	110,263629
22/06/2019	110,264893
23/06/2019	110,266207
24/06/2019	110,265018
25/06/2019	110,259589
26/06/2019	110,25437
27/06/2019	110,249044
28/06/2019	110,245598
29/06/2019	110,246975
30/06/2019	110,248329
01/07/2019	110,259003
02/07/2019	110,26591
03/07/2019	110,26694
04/07/2019	110,258119
05/07/2019	110,253134
06/07/2019	110,254637
07/07/2019	110,256139
08/07/2019	110,252059
09/07/2019	110,249208
10/07/2019	110,248829
11/07/2019	110,247465
12/07/2019	110,244368
13/07/2019	110,24598
14/07/2019	110,24759
15/07/2019	110,254752
16/07/2019	110,258071
17/07/2019	110,258617
18/07/2019	110,252049
19/07/2019	110,252628
20/07/2019	110,254161
21/07/2019	110,255697
22/07/2019	110,257642
23/07/2019	110,257561
24/07/2019	110,263939
25/07/2019	110,260839
26/07/2019	110,25521
27/07/2019	110,256722
28/07/2019	110,258236
29/07/2019	110,258651
30/07/2019	110,253909
31/07/2019	110,25399
01/08/2019	110,247589
02/08/2019	110,242173
03/08/2019	110,244007
04/08/2019	110,245838
05/08/2019	110,243495
06/08/2019	110,244621
07/08/2019	110,246811
08/08/2019	110,235293
09/08/2019	110,207053
10/08/2019	110,208832
11/08/2019	110,21062
12/08/2019	110,219511
13/08/2019	110,225474
14/08/2019	110,231175
15/08/2019	110,222182
16/08/2019	110,194413
17/08/2019	110,196179
18/08/2019	110,197945
19/08/2019	110,198666
20/08/2019	110,202631
21/08/2019	110,201327
22/08/2019	110,197611
23/08/2019	110,207386
24/08/2019	110,209104
25/08/2019	110,21087
26/08/2019	110,202105
27/08/2019	110,214082
28/08/2019	110,217302
29/08/2019	110,217133
30/08/2019	110,216946
31/08/2019	110,218579
01/09/2019	110,219795
02/09/2019	110,221396
03/09/2019	110,222089
04/09/2019	110,227474
05/09/2019	110,217616
06/09/2019	110,219479
07/09/2019	110,221101
08/09/2019	110,22272
09/09/2019	110,216508
10/09/2019	110,208884
11/09/2019	110,20956
12/09/2019	110,195078
13/09/2019	110,184178
14/09/2019	110,18569
15/09/2019	110,187209
16/09/2019	110,190688
17/09/2019	110,188071
18/09/2019	110,18669
19/09/2019	110,177225
20/09/2019	110,176855
21/09/2019	110,178272
22/09/2019	110,179691
23/09/2019	110,178394
24/09/2019	110,178283
25/09/2019	110,172357
26/09/2019	110,167828
27/09/2019	110,173086
28/09/2019	110,174573
29/09/2019	110,176071
30/09/2019	110,177553
01/10/2019	110,179634
02/10/2019	110,169031
03/10/2019	110,164724
04/10/2019	110,163432
05/10/2019	110,165082
06/10/2019	110,166749
07/10/2019	110,161209
08/10/2019	110,162028
09/10/2019	110,155221
10/10/2019	110,134344
11/10/2019	110,142471
12/10/2019	110,144244
13/10/2019	110,146031
14/10/2019	110,134307
15/10/2019	110,133079
16/10/2019	110,131318
17/10/2019	110,128533
18/10/2019	110,121985
19/10/2019	110,123655
20/10/2019	110,125356
21/10/2019	110,121246
22/10/2019	110,124675
23/10/2019	110,119645
24/10/2019	110,119628
25/10/2019	110,116952
26/10/2019	110,1185
27/10/2019	110,120085
28/10/2019	110,109633
29/10/2019	110,105732
30/10/2019	110,109372
31/10/2019	110,114893
01/11/2019	110,106051
02/11/2019	110,107667
03/11/2019	110,109264
04/11/2019	110,11172
05/11/2019	110,104638
06/11/2019	110,118477
07/11/2019	110,091629
08/11/2019	110,085139
09/11/2019	110,086567
10/11/2019	110,088054
11/11/2019	110,075513
12/11/2019	110,081063
13/11/2019	110,072906
14/11/2019	110,059157
15/11/2019	110,064824
16/11/2019	110,066111
17/11/2019	110,067437
18/11/2019	110,070959
19/11/2019	110,066713
20/11/2019	110,070315
21/11/2019	110,066061
22/11/2019	110,065897
23/11/2019	110,067389
24/11/2019	110,068893
25/11/2019	110,072131
26/11/2019	110,070253
27/11/2019	110,067487
28/11/2019	110,054477
29/11/2019	110,052184
30/11/2019	110,053062
01/12/2019	110,053318
02/12/2019	110,036035
03/12/2019	110,049549
04/12/2019	110,050956
05/12/2019	110,031814
06/12/2019	110,035317
07/12/2019	110,036938
08/12/2019	110,038557
09/12/2019	110,053766
10/12/2019	110,060975
11/12/2019	110,069573
12/12/2019	110,058782
13/12/2019	110,068365
14/12/2019	110,069881
15/12/2019	110,071421
16/12/2019	110,068968
17/12/2019	110,074703
18/12/2019	110,065674
19/12/2019	110,050528
20/12/2019	110,044837
21/12/2019	110,04622
22/12/2019	110,047751
23/12/2019	110,027598
24/12/2019	110,026363
25/12/2019	110,028259
26/12/2019	110,030532
27/12/2019	110,035458
28/12/2019	110,03706
29/12/2019	110,038821
30/12/2019	110,023771
31/12/2019	110,02329
01/01/2020	110,025135
02/01/2020	110,016083
03/01/2020	110,027694
04/01/2020	110,029935
05/01/2020	110,032174
06/01/2020	110,031099
07/01/2020	110,027123
08/01/2020	110,017296
09/01/2020	110,004032
10/01/2020	110,010623
11/01/2020	110,012999
12/01/2020	110,015451
13/01/2020	110,000687
14/01/2020	109,992515
15/01/2020	109,999516
16/01/2020	109,986464
17/01/2020	109,98894
18/01/2020	109,990879
19/01/2020	109,992864
20/01/2020	109,996688
21/01/2020	109,98924
22/01/2020	109,99159
23/01/2020	110,006024
24/01/2020	110,009495
25/01/2020	110,011457
26/01/2020	110,013763
27/01/2020	110,036699
28/01/2020	110,036543
29/01/2020	110,059567
30/01/2020	110,054912
31/01/2020	110,059223
01/02/2020	110,060149
02/02/2020	110,062497
03/02/2020	110,059389
04/02/2020	110,057837
05/02/2020	110,053614
06/02/2020	110,044328
07/02/2020	110,033498
08/02/2020	110,036255
09/02/2020	110,039008
10/02/2020	110,038447
11/02/2020	110,038641
12/02/2020	110,045262
13/02/2020	110,0416
14/02/2020	110,043754
15/02/2020	110,046444
16/02/2020	110,049158
17/02/2020	110,050422
18/02/2020	110,046414
19/02/2020	110,035851
20/02/2020	110,037014
21/02/2020	110,033948
22/02/2020	110,036647
23/02/2020	110,039347
24/02/2020	110,024197
25/02/2020	110,02784
26/02/2020	110,023987
27/02/2020	109,993427
28/02/2020	109,951213
29/02/2020	109,958549
01/03/2020	109,965221
02/03/2020	109,968079
03/03/2020	110,0001
04/03/2020	110,006229
05/03/2020	109,934612
06/03/2020	109,872026
07/03/2020	109,874142
08/03/2020	109,876504
09/03/2020	109,675114
10/03/2020	109,668326
11/03/2020	109,691201
12/03/2020	109,399071
13/03/2020	109,309226
14/03/2020	109,311075
15/03/2020	109,313414
16/03/2020	109,095771
17/03/2020	108,878624
18/03/2020	108,707401
19/03/2020	108,88032
20/03/2020	108,911406
21/03/2020	108,913917
22/03/2020	108,916514
23/03/2020	108,863527
24/03/2020	108,812378
25/03/2020	108,80999
26/03/2020	108,91003
27/03/2020	108,90169
28/03/2020	108,904144
29/03/2020	108,906585
30/03/2020	108,858897
31/03/2020	108,838657
01/04/2020	108,803716
02/04/2020	108,796181
03/04/2020	108,741804
04/04/2020	108,74438
05/04/2020	108,746957
06/04/2020	108,750917
07/04/2020	108,729601
08/04/2020	108,694168
09/04/2020	108,755648
10/04/2020	108,758314
11/04/2020	108,76098
12/04/2020	108,763647
13/04/2020	108,766168
14/04/2020	108,767973
15/04/2020	108,696812
16/04/2020	108,709319
17/04/2020	108,749325
18/04/2020	108,752177
19/04/2020	108,755027
20/04/2020	108,729389
21/04/2020	108,678763
22/04/2020	108,691706
23/04/2020	108,732575
24/04/2020	108,786438
25/04/2020	108,78931
26/04/2020	108,792217
27/04/2020	108,842092
28/04/2020	108,894592
29/04/2020	108,916762
30/04/2020	108,969344
01/05/2020	108,972357
02/05/2020	108,974723
03/05/2020	108,977087
04/05/2020	108,955562
05/05/2020	108,940518
06/05/2020	108,914724
07/05/2020	108,92068
08/05/2020	108,94716
09/05/2020	108,949333
10/05/2020	108,951503
11/05/2020	108,945302
12/05/2020	108,946347
13/05/2020	108,964627
14/05/2020	108,942662
15/05/2020	108,926009
16/05/2020	108,928239
17/05/2020	108,930463
18/05/2020	108,962985
19/05/2020	108,98934
20/05/2020	108,996089
21/05/2020	109,015012
22/05/2020	109,012761
23/05/2020	109,014904
24/05/2020	109,017113
25/05/2020	109,021809
26/05/2020	109,043382
27/05/2020	109,078475
28/05/2020	109,10526
29/05/2020	109,114012
30/05/2020	109,116036
31/05/2020	109,118331
01/06/2020	109,131824
02/06/2020	109,148193
03/06/2020	109,168112
04/06/2020	109,231549
05/06/2020	109,28495
06/06/2020	109,287288
07/06/2020	109,289663
08/06/2020	109,326594
09/06/2020	109,266162
10/06/2020	109,204967
11/06/2020	109,22498
12/06/2020	109,258201
13/06/2020	109,26198
14/06/2020	109,265746
15/06/2020	109,288623
16/06/2020	109,355382
17/06/2020	109,345279
18/06/2020	109,349336
19/06/2020	109,371341
20/06/2020	109,375046
21/06/2020	109,378812
22/06/2020	109,410913
23/06/2020	109,406901
24/06/2020	109,415761
25/06/2020	109,399929
26/06/2020	109,414679
27/06/2020	109,418032
28/06/2020	109,421401
29/06/2020	109,41913
30/06/2020	109,428104
01/07/2020	109,408573
02/07/2020	109,444653
03/07/2020	109,441302
04/07/2020	109,444656
05/07/2020	109,448005
06/07/2020	109,485884
07/07/2020	109,493292
08/07/2020	109,50009
09/07/2020	109,491298
10/07/2020	109,485749
11/07/2020	109,48856
12/07/2020	109,491747
13/07/2020	109,472082
14/07/2020	109,496647
15/07/2020	109,510946
16/07/2020	109,536388
17/07/2020	109,532921
18/07/2020	109,536058
19/07/2020	109,539182
20/07/2020	109,609853
21/07/2020	109,642324
22/07/2020	109,680062
23/07/2020	109,674748
24/07/2020	109,648807
25/07/2020	109,65178
26/07/2020	109,654822
27/07/2020	109,658833
28/07/2020	109,648327
29/07/2020	109,665777
30/07/2020	109,67227
31/07/2020	109,64124
01/08/2020	109,643987
02/08/2020	109,646954
03/08/2020	109,661061
04/08/2020	109,698818
05/08/2020	109,688946
06/08/2020	109,695231
07/08/2020	109,701744
08/08/2020	109,704591
09/08/2020	109,707686
10/08/2020	109,734983
11/08/2020	109,714857
12/08/2020	109,716594
13/08/2020	109,669713
14/08/2020	109,702734
15/08/2020	109,705939
16/08/2020	109,709139
17/08/2020	109,754893
18/08/2020	109,764992
19/08/2020	109,774372
20/08/2020	109,762102
21/08/2020	109,747115
22/08/2020	109,750125
23/08/2020	109,753293
24/08/2020	109,741604
25/08/2020	109,704764
26/08/2020	109,722829
27/08/2020	109,723742
28/08/2020	109,726027
29/08/2020	109,729202
30/08/2020	109,732375
31/08/2020	109,705904
01/09/2020	109,731613
02/09/2020	109,773692
03/09/2020	109,777551
04/09/2020	109,746176
05/09/2020	109,748977
06/09/2020	109,752056
07/09/2020	109,736134
08/09/2020	109,746066
09/09/2020	109,739684
10/09/2020	109,726474
11/09/2020	109,755461
12/09/2020	109,758819
13/09/2020	109,76185
14/09/2020	109,783368
15/09/2020	109,790194
16/09/2020	109,810943
17/09/2020	109,82315
18/09/2020	109,811332
19/09/2020	109,814188
20/09/2020	109,817094
21/09/2020	109,843968
22/09/2020	109,848046
23/09/2020	109,845461
24/09/2020	109,806904
25/09/2020	109,802119
26/09/2020	109,804786
27/09/2020	109,807588
28/09/2020	109,812849
29/09/2020	109,828398
30/09/2020	109,822637
01/10/2020	109,836954
02/10/2020	109,856465
03/10/2020	109,859275
04/10/2020	109,86208
05/10/2020	109,85207
06/10/2020	109,883919
07/10/2020	109,89119
08/10/2020	109,900372
09/10/2020	109,916946
10/10/2020	109,919519
11/10/2020	109,922219
12/10/2020	109,942401
13/10/2020	109,94726
14/10/2020	109,954362
15/10/2020	109,908713
16/10/2020	109,939304
17/10/2020	109,941902
18/10/2020	109,944572
19/10/2020	109,917416
20/10/2020	109,913972
21/10/2020	109,899166
22/10/2020	109,88573
23/10/2020	109,907682
24/10/2020	109,910634
25/10/2020	109,913582
26/10/2020	109,926095
27/10/2020	109,95251
28/10/2020	109,905245
29/10/2020	109,940712
30/10/2020	109,928817
31/10/2020	109,931611
01/11/2020	109,934562
02/11/2020	109,953433
03/11/2020	109,964418
04/11/2020	109,994783
05/11/2020	110,003597
06/11/2020	110,021519
07/11/2020	110,024343
08/11/2020	110,027173
09/11/2020	109,992477
10/11/2020	110,000814
11/11/2020	110,018546
12/11/2020	110,029826
13/11/2020	110,036864
14/11/2020	110,039529
15/11/2020	110,042203
16/11/2020	110,05425
17/11/2020	110,06766
18/11/2020	110,064052
19/11/2020	110,058167
20/11/2020	110,069339
21/11/2020	110,071794
22/11/2020	110,074521
23/11/2020	110,074377
24/11/2020	110,077364
25/11/2020	110,080535
26/11/2020	110,077647
27/11/2020	110,081525
28/11/2020	110,084327
29/11/2020	110,087143
30/11/2020	110,070325
01/12/2020	110,04236
02/12/2020	110,049872
03/12/2020	110,060909
04/12/2020	110,055572
05/12/2020	110,058201
06/12/2020	110,060831
07/12/2020	110,072172
08/12/2020	110,084464
09/12/2020	110,100274
10/12/2020	110,094226
11/12/2020	110,106821
12/12/2020	110,109364
13/12/2020	110,111955
14/12/2020	110,108606
15/12/2020	110,114283
16/12/2020	110,084816
17/12/2020	110,081175
18/12/2020	110,069486
19/12/2020	110,072015
20/12/2020	110,07459
21/12/2020	110,059239
22/12/2020	110,061946
23/12/2020	110,025067
24/12/2020	110,025096
25/12/2020	110,027597
26/12/2020	110,030104
27/12/2020	110,03261
28/12/2020	110,050919
29/12/2020	110,04664
30/12/2020	110,016778
31/12/2020	110,02189
01/01/2021	110,02452
02/01/2021	110,02713
03/01/2021	110,029738
04/01/2021	110,018388
05/01/2021	110,002691
06/01/2021	109,997593
07/01/2021	110,001817
08/01/2021	110,010813
09/01/2021	110,013348
10/01/2021	110,015883
11/01/2021	109,993587
12/01/2021	109,936996
13/01/2021	109,963727
14/01/2021	109,909909
15/01/2021	109,93377
16/01/2021	109,936149
17/01/2021	109,938704
18/01/2021	109,922435
19/01/2021	109,943763
20/01/2021	109,935132
21/01/2021	109,887794
22/01/2021	109,855356
23/01/2021	109,857843
24/01/2021	109,86046
25/01/2021	109,904864
26/01/2021	109,925299
27/01/2021	109,927032
28/01/2021	109,913815
29/01/2021	109,916714
30/01/2021	109,919063
31/01/2021	109,921695
01/02/2021	109,928411
02/02/2021	109,915153
03/02/2021	109,946799
04/02/2021	109,95506
05/02/2021	109,954083
06/02/2021	109,956731
07/02/2021	109,959379
08/02/2021	109,975079
09/02/2021	109,975379
10/02/2021	109,974305
11/02/2021	109,976626
12/02/2021	109,957828
13/02/2021	109,960489
14/02/2021	109,963152
15/02/2021	109,939943
16/02/2021	109,911583
17/02/2021	109,904476
18/02/2021	109,861969
19/02/2021	109,872531
20/02/2021	109,875096
21/02/2021	109,877824
22/02/2021	109,895496
23/02/2021	109,878347
24/02/2021	109,862731
25/02/2021	109,796197
26/02/2021	109,801827
27/02/2021	109,804456
28/02/2021	109,807372
01/03/2021	109,871243
02/03/2021	109,878181
03/03/2021	109,842958
04/03/2021	109,851131
05/03/2021	109,845457
06/03/2021	109,848102
07/03/2021	109,850736
08/03/2021	109,853389
09/03/2021	109,876003
10/03/2021	109,881538
11/03/2021	109,902092
12/03/2021	109,889727
13/03/2021	109,892391
14/03/2021	109,895086
15/03/2021	109,902536
16/03/2021	109,899483
17/03/2021	109,863708
18/03/2021	109,868265
19/03/2021	109,879289
20/03/2021	109,881959
21/03/2021	109,884705
22/03/2021	109,885036
23/03/2021	109,903517
24/03/2021	109,90596
25/03/2021	109,905079
26/03/2021	109,897385
27/03/2021	109,900116
28/03/2021	109,902847
29/03/2021	109,885975
30/03/2021	109,866635
31/03/2021	109,854349
01/04/2021	109,876261
02/04/2021	109,878987
03/04/2021	109,881708
04/04/2021	109,88443
05/04/2021	109,887107
06/04/2021	109,870533
07/04/2021	109,874092
08/04/2021	109,87388
09/04/2021	109,854496
10/04/2021	109,857119
11/04/2021	109,859749
12/04/2021	109,857877
13/04/2021	109,847993
14/04/2021	109,833309
15/04/2021	109,839476
16/04/2021	109,838476
17/04/2021	109,841008
18/04/2021	109,843552
19/04/2021	109,834492
20/04/2021	109,833803
21/04/2021	109,841765
22/04/2021	109,831012
23/04/2021	109,823459
24/04/2021	109,82605
25/04/2021	109,82864
26/04/2021	109,827302
27/04/2021	109,819639
28/04/2021	109,815332
29/04/2021	109,801287
30/04/2021	109,814135
01/05/2021	109,816465
02/05/2021	109,818947
03/05/2021	109,823174
04/05/2021	109,834088
05/05/2021	109,82498
06/05/2021	109,812083
07/05/2021	109,794829
08/05/2021	109,797803
09/05/2021	109,8008
10/05/2021	109,818115
11/05/2021	109,803238
12/05/2021	109,791325
13/05/2021	109,762698
14/05/2021	109,755078
15/05/2021	109,758185
16/05/2021	109,761292
17/05/2021	109,746655
18/05/2021	109,754786
19/05/2021	109,742395
20/05/2021	109,758409
21/05/2021	109,764425
22/05/2021	109,766929
23/05/2021	109,769437
24/05/2021	109,771803
25/05/2021	109,788574
26/05/2021	109,83692
27/05/2021	109,824014
28/05/2021	109,830851
29/05/2021	109,833215
30/05/2021	109,835584
31/05/2021	109,832821
01/06/2021	109,842004
02/06/2021	109,849825
03/06/2021	109,837706
04/06/2021	109,84403
05/06/2021	109,846575
06/06/2021	109,849119
07/06/2021	109,847048
08/06/2021	109,857786
09/06/2021	109,869845
10/06/2021	109,861238
11/06/2021	109,874364
12/06/2021	109,876836
13/06/2021	109,879295
14/06/2021	109,870775
15/06/2021	109,868825
16/06/2021	109,870733
17/06/2021	109,879507
18/06/2021	109,826446
19/06/2021	109,8289
20/06/2021	109,83135
21/06/2021	109,856491
22/06/2021	109,819249
23/06/2021	109,789589
24/06/2021	109,81792
25/06/2021	109,8031
26/06/2021	109,805936
27/06/2021	109,808741
28/06/2021	109,815538
29/06/2021	109,78589
30/06/2021	109,83574
01/07/2021	109,836401
02/07/2021	109,840928
03/07/2021	109,843842
04/07/2021	109,846702
05/07/2021	109,877884
06/07/2021	109,84956
07/07/2021	109,883004
08/07/2021	109,824045
09/07/2021	109,786273
10/07/2021	109,789159
11/07/2021	109,79204
12/07/2021	109,868379
13/07/2021	109,840969
14/07/2021	109,87493
15/07/2021	109,861993
16/07/2021	109,809519
17/07/2021	109,812309
18/07/2021	109,81509
19/07/2021	109,873404
20/07/2021	109,860159
21/07/2021	109,797384
22/07/2021	109,871064
23/07/2021	109,848442
24/07/2021	109,850799
25/07/2021	109,853153
26/07/2021	109,819645
27/07/2021	109,847216
28/07/2021	109,847073
29/07/2021	109,835494
30/07/2021	109,829178
31/07/2021	109,832348
01/08/2021	109,831384
02/08/2021	109,87935
03/08/2021	109,816001
04/08/2021	109,890808
05/08/2021	109,861037
06/08/2021	109,822677
07/08/2021	109,825977
08/08/2021	109,829257
09/08/2021	109,868894
10/08/2021	109,870952
11/08/2021	109,858539
12/08/2021	109,854602
13/08/2021	109,854454
14/08/2021	109,857786
15/08/2021	109,861118
16/08/2021	109,858387
17/08/2021	109,852376
18/08/2021	109,856692
19/08/2021	109,840191
20/08/2021	109,8464
21/08/2021	109,849819
22/08/2021	109,853238
23/08/2021	109,83823
24/08/2021	109,839728
25/08/2021	109,81301
26/08/2021	109,795236
27/08/2021	109,806112
28/08/2021	109,809483
29/08/2021	109,812856
30/08/2021	109,815438
31/08/2021	109,803721
01/09/2021	109,808459
